first_name,last_name,email
Sophie,Garcia,sgarcia@example.edu
Grace,Martinez,gmartinez@example.edu
Dylan,Williams,dwilliams@example.edu
Mia,Davis,mdavis@example.edu
Grace,Lopez,glopez@example.edu
Kara,Davis,kdavis@example.edu
Tyler,Smith,tsmith@example.edu
Kara,Martinez,kmartinez@example.edu
Nora,Smith,nsmith@example.edu
Brandon,Smith,bsmith@example.edu
Evan,Brown,ebrown@example.edu
Hannah,Gonzalez,hgonzalez@example.edu
Evan,Gonzalez,egonzalez@example.edu
Paige,Gonzalez,pgonzalez@example.edu
Hannah,Lee,hlee@example.edu
Sophie,Martin,smartin@example.edu
Alex,Lee,alee@example.edu
Brandon,Garcia,bgarcia@example.edu
Owen,Martinez,omartinez@example.edu
Brandon,Miller,bmiller@example.edu
Sophie,Lee,slee@example.edu
Kara,Hernandez,khernandez@example.edu
Owen,Davis,odavis@example.edu
Cameron,Johnson,cjohnson@example.edu
Paige,Jackson,pjackson@example.edu
Owen,Martinez,omartinez@example.edu
Brandon,Brown,bbrown@example.edu
Owen,Taylor,otaylor@example.edu
Jack,Johnson,jjohnson@example.edu
Liam,Smith,lsmith@example.edu
Mia,Wilson,mwilson@example.edu
Hannah,Smith,hsmith@example.edu
Isabel,Taylor,itaylor@example.edu
Paige,Jones,pjones@example.edu
Hannah,Williams,hwilliams@example.edu
Cameron,Brown,cbrown@example.edu
Cameron,Johnson,cjohnson@example.edu
Evan,Johnson,ejohnson@example.edu
Felix,Davis,fdavis@example.edu
Jack,Johnson,jjohnson@example.edu
Cameron,Martinez,cmartinez@example.edu
Brandon,Johnson,bjohnson@example.edu
Isabel,Lopez,ilopez@example.edu
Paige,Jackson,pjackson@example.edu
Mia,Miller,mmiller@example.edu
Tyler,Jackson,tjackson@example.edu
Mia,Gonzalez,mgonzalez@example.edu
Evan,Jones,ejones@example.edu
Owen,Williams,owilliams@example.edu
Quinn,Taylor,qtaylor@example.edu
Kara,Taylor,ktaylor@example.edu
Alex,Davis,adavis@example.edu
Tyler,Lee,tlee@example.edu
Liam,Wilson,lwilson@example.edu
Ryan,Gonzalez,rgonzalez@example.edu
Paige,Davis,pdavis@example.edu
Brandon,Johnson,bjohnson@example.edu
Isabel,Garcia,igarcia@example.edu
Alex,Hernandez,ahernandez@example.edu
Kara,Moore,kmoore@example.edu
Brandon,Williams,bwilliams@example.edu
Sophie,Moore,smoore@example.edu
Evan,Garcia,egarcia@example.edu
Kara,Williams,kwilliams@example.edu
Jack,Gonzalez,jgonzalez@example.edu
Isabel,Lopez,ilopez@example.edu
Quinn,Jackson,qjackson@example.edu
Kara,Brown,kbrown@example.edu
Cameron,Miller,cmiller@example.edu
Nora,Brown,nbrown@example.edu
Grace,Hernandez,ghernandez@example.edu
Felix,Johnson,fjohnson@example.edu
Evan,Anderson,eanderson@example.edu
Ryan,Williams,rwilliams@example.edu
Evan,Martinez,emartinez@example.edu
Ryan,Anderson,randerson@example.edu
Sophie,Gonzalez,sgonzalez@example.edu
Alex,Martin,amartin@example.edu
Owen,Thomas,othomas@example.edu
Nora,Davis,ndavis@example.edu
Grace,Garcia,ggarcia@example.edu
Grace,Smith,gsmith@example.edu
Brandon,Lee,blee@example.edu
Owen,Moore,omoore@example.edu
Ryan,Johnson,rjohnson@example.edu
Mia,Davis,mdavis@example.edu
Jack,Lee,jlee@example.edu
Mia,Jackson,mjackson@example.edu
Owen,Brown,obrown@example.edu
Quinn,Smith,qsmith@example.edu
Owen,Gonzalez,ogonzalez@example.edu
Sophie,Johnson,sjohnson@example.edu
Hannah,Jones,hjones@example.edu
Felix,Jones,fjones@example.edu
Cameron,Jones,cjones@example.edu
Paige,Lee,plee@example.edu
Paige,Garcia,pgarcia@example.edu
Brandon,Gonzalez,bgonzalez@example.edu
Nora,Thomas,nthomas@example.edu
Grace,Jackson,gjackson@example.edu
